[
  {
    "_id": "Estadisticos-de-actividad-por-hora",
    "_type": "visualization",
    "_source": {
      "title": "Estadisticos de actividad por hora",
      "visState": "{\"title\":\"New Visualization\",\"type\":\"table\",\"params\":{\"perPage\":10,\"showPartialRows\":false,\"showMeticsAtAllLevels\":false},\"aggs\":[{\"id\":\"1\",\"type\":\"count\",\"schema\":\"metric\",\"params\":{}},{\"id\":\"2\",\"type\":\"std_dev\",\"schema\":\"metric\",\"params\":{\"field\":\"tiempo_milisegundos\"}},{\"id\":\"3\",\"type\":\"max\",\"schema\":\"metric\",\"params\":{\"field\":\"tiempo_milisegundos\"}},{\"id\":\"5\",\"type\":\"date_histogram\",\"schema\":\"bucket\",\"params\":{\"field\":\"fecha\",\"interval\":\"h\",\"customInterval\":\"2h\",\"min_doc_count\":1,\"extended_bounds\":{}}},{\"id\":\"6\",\"type\":\"percentiles\",\"schema\":\"metric\",\"params\":{\"field\":\"tiempo_milisegundos\",\"percents\":[90,95,98]}}],\"listeners\":{}}",
      "uiStateJSON": "{}",
      "description": "",
      "version": 1,
      "kibanaSavedObjectMeta": {
        "searchSourceJSON": "{\"index\":\"fecha*\",\"query\":{\"query_string\":{\"query\":\"*\",\"analyze_wildcard\":true}},\"filter\":[]}"
      }
    }
  }
]