[
  {
    "_id": "Numero-total-de-peticiones",
    "_type": "visualization",
    "_source": {
      "title": "Numero total de peticiones",
      "visState": "{\"title\":\"New Visualization\",\"type\":\"metric\",\"params\":{\"fontSize\":\"31\"},\"aggs\":[{\"id\":\"1\",\"type\":\"count\",\"schema\":\"metric\",\"params\":{}}],\"listeners\":{}}",
      "uiStateJSON": "{}",
      "description": "",
      "version": 1,
      "kibanaSavedObjectMeta": {
        "searchSourceJSON": "{\"index\":\"fecha*\",\"query\":{\"query_string\":{\"query\":\"*\",\"analyze_wildcard\":true}},\"filter\":[]}"
      }
    }
  }
]