[
  {
    "_id": "Porcentaje-de-peticiones-por-dirección-IP",
    "_type": "visualization",
    "_source": {
      "title": "Porcentaje de peticiones por dirección IP",
      "visState": "{\"title\":\"New Visualization\",\"type\":\"pie\",\"params\":{\"shareYAxis\":true,\"addTooltip\":true,\"addLegend\":true,\"isDonut\":true},\"aggs\":[{\"id\":\"1\",\"type\":\"count\",\"schema\":\"metric\",\"params\":{}},{\"id\":\"2\",\"type\":\"terms\",\"schema\":\"segment\",\"params\":{\"field\":\"ip_remota\",\"include\":{\"pattern\":\"\",\"flags\":[\"CANON_EQ\"]},\"size\":30,\"order\":\"desc\",\"orderBy\":\"1\"}}],\"listeners\":{}}",
      "uiStateJSON": "{}",
      "description": "",
      "version": 1,
      "kibanaSavedObjectMeta": {
        "searchSourceJSON": "{\"index\":\"fecha*\",\"query\":{\"query_string\":{\"query\":\"*\",\"analyze_wildcard\":true}},\"filter\":[]}"
      }
    }
  }
]