[
  {
    "_id": "Porcentaje-de-peticiones-por-usuario",
    "_type": "visualization",
    "_source": {
      "title": "Porcentaje de peticiones por usuario",
      "visState": "{\"title\":\"porcentaje_peticiones_usuario\",\"type\":\"pie\",\"params\":{\"addLegend\":true,\"addTooltip\":true,\"isDonut\":false,\"shareYAxis\":true,\"spyPerPage\":10},\"aggs\":[{\"id\":\"1\",\"type\":\"count\",\"schema\":\"metric\",\"params\":{}},{\"id\":\"2\",\"type\":\"terms\",\"schema\":\"segment\",\"params\":{\"field\":\"id_usuario\",\"size\":20,\"order\":\"desc\",\"orderBy\":\"1\"}}],\"listeners\":{}}",
      "uiStateJSON": "{\"spy\":{\"mode\":{\"name\":null,\"fill\":false}},\"vis\":{\"colors\":{\"79046942\":\"#6ED0E0\",\"79081782\":\"#E5A8E2\",\"79088605\":\"#F9934E\",\"79089306\":\"#E24D42\",\"79093555\":\"#82B5D8\",\"79310579\":\"#7EB26D\",\"79325742\":\"#EA6460\",\"unauthenticated\":\"#F2C96D\"},\"legendOpen\":false}}",
      "description": "",
      "version": 1,
      "kibanaSavedObjectMeta": {
        "searchSourceJSON": "{\"index\":\"fecha*\",\"query\":{\"query_string\":{\"query\":\"*\",\"analyze_wildcard\":true}},\"filter\":[]}"
      }
    }
  }
]