[
  {
    "_id": "Tiempo-medio-de-respuesta-y-desviación-estandar-(ms)",
    "_type": "visualization",
    "_source": {
      "title": "Tiempo medio de respuesta y desviación estandar (ms)",
      "visState": "{\"title\":\"New Visualization\",\"type\":\"line\",\"params\":{\"shareYAxis\":true,\"addTooltip\":true,\"addLegend\":true,\"showCircles\":true,\"smoothLines\":true,\"interpolate\":\"linear\",\"scale\":\"square root\",\"drawLinesBetweenPoints\":true,\"radiusRatio\":9,\"times\":[],\"addTimeMarker\":false,\"defaultYExtents\":false,\"setYExtents\":false,\"yAxis\":{}},\"aggs\":[{\"id\":\"1\",\"type\":\"std_dev\",\"schema\":\"metric\",\"params\":{\"field\":\"tiempo_milisegundos\"}},{\"id\":\"2\",\"type\":\"date_histogram\",\"schema\":\"segment\",\"params\":{\"field\":\"fecha\",\"interval\":\"m\",\"customInterval\":\"2h\",\"min_doc_count\":1,\"extended_bounds\":{}}}],\"listeners\":{}}",
      "uiStateJSON": "{\"vis\":{\"colors\":{\"Lower Standard Deviation of tiempo_milisegundos\":\"#E0F9D7\",\"Average of tiempo_milisegundos\":\"#508642\",\"Upper Standard Deviation of tiempo_milisegundos\":\"#E24D42\"}}}",
      "description": "",
      "version": 1,
      "kibanaSavedObjectMeta": {
        "searchSourceJSON": "{\"index\":\"fecha*\",\"query\":{\"query_string\":{\"query\":\"*\",\"analyze_wildcard\":true}},\"filter\":[]}"
      }
    }
  }
]