[
  {
    "_id": "Tiempo-maximo-de-respuesta-(ms)",
    "_type": "visualization",
    "_source": {
      "title": "Tiempo maximo de respuesta (ms)",
      "visState": "{\"title\":\"Tiempo maximo de respuesta (ms)\",\"type\":\"metric\",\"params\":{\"fontSize\":\"32\"},\"aggs\":[{\"id\":\"1\",\"type\":\"max\",\"schema\":\"metric\",\"params\":{\"field\":\"tiempo_milisegundos\"}}],\"listeners\":{}}",
      "uiStateJSON": "{}",
      "description": "",
      "version": 1,
      "kibanaSavedObjectMeta": {
        "searchSourceJSON": "{\"index\":\"fecha*\",\"query\":{\"query_string\":{\"query\":\"*\",\"analyze_wildcard\":true}},\"filter\":[]}"
      }
    }
  }
]